{
    "clienttoken": "MTMzMDU3MDI5NzQwNDgxNzQwOA.GKXRk2.GLJLx8Xw7X1KD78feTkmBcHBpIJkCQNspwRqRA",
    "Note_Token:": "Put Your Bot Token Above (If your using replit then make a new secret 'clienttoken' and put ur bot token there... and then keep this string empty)",
    "clientname": "All in one latest",
    "clientid": "1330570297404817408",
    "TestingServerID": "1342099778586148864",
    "clientavatar": "",
    "prefix": "&",
    "developerID": [
        "1225049851570683955"
    ],
    "mongooseConnectionString": "mongodb+srv://codex-in2:codex-in2@codex-in2.gjv2c.mongodb.net/?retryWrites=true&w=majority",
    "colorthemecode": "#ff5a00",
    "randomMessages_Cooldown": [
        "Wait Dont Spam...",
        "Spaming Isn't Cool....",
        "Never Gonna Let You Down",
        "Hold ur horses....",
        "Are you whore"
    ],
    "NOTE:": "IF YOU DONT PUT STUFF HERE IT WILL THROW ERRS",
    "topgg": ""
}